-- phpMyAdmin SQL Dump
-- version 5.2.1
-- https://www.phpmyadmin.net/
--
-- Host: 127.0.0.1
-- Generation Time: Jun 12, 2025 at 01:59 PM
-- Server version: 10.4.32-MariaDB
-- PHP Version: 8.2.12

SET SQL_MODE = "NO_AUTO_VALUE_ON_ZERO";
START TRANSACTION;
SET time_zone = "+00:00";


/*!40101 SET @OLD_CHARACTER_SET_CLIENT=@@CHARACTER_SET_CLIENT */;
/*!40101 SET @OLD_CHARACTER_SET_RESULTS=@@CHARACTER_SET_RESULTS */;
/*!40101 SET @OLD_COLLATION_CONNECTION=@@COLLATION_CONNECTION */;
/*!40101 SET NAMES utf8mb4 */;

--
-- Database: `ussd`
--

-- --------------------------------------------------------

--
-- Table structure for table `admins`
--

CREATE TABLE `admins` (
  `id` int(11) NOT NULL,
  `username` varchar(100) DEFAULT NULL,
  `password` varchar(255) DEFAULT NULL
) ENGINE=InnoDB DEFAULT CHARSET=utf8mb4 COLLATE=utf8mb4_general_ci;

--
-- Dumping data for table `admins`
--

INSERT INTO `admins` (`id`, `username`, `password`) VALUES
(4, 'admin', '$2y$10$1kuBqzLmq6Xd83QW4IN3RueeOQQMkDEwbyETFy1HztwZFpNz8DQfG');

-- --------------------------------------------------------

--
-- Table structure for table `appeals`
--

CREATE TABLE `appeals` (
  `id` int(11) NOT NULL,
  `student_regno` varchar(255) DEFAULT NULL,
  `module_id` int(11) DEFAULT NULL,
  `reason` text DEFAULT NULL,
  `status` enum('pending','under review','resolved') DEFAULT NULL,
  `created_at` timestamp NOT NULL DEFAULT current_timestamp()
) ENGINE=InnoDB DEFAULT CHARSET=utf8mb4 COLLATE=utf8mb4_general_ci;

--
-- Dumping data for table `appeals`
--

INSERT INTO `appeals` (`id`, `student_regno`, `module_id`, `reason`, `status`, `created_at`) VALUES
(1, '22rp01641', 2, 'rower marks', 'under review', '2025-04-29 14:09:59'),
(2, '22rp00175', 3, 'you pretend as i cheted but not', 'resolved', '2025-04-29 15:36:21'),
(3, '22rp01641', 2, 'it is not my marks', 'pending', '2025-04-30 07:45:01'),
(4, '22RP01388', 1, 'lower marks', 'resolved', '2025-05-07 09:17:01'),
(5, '22RP00625', 3, 'row marks', 'resolved', '2025-06-12 10:56:48'),
(8, '22RP00535', 2, 'remarking', 'pending', '2025-06-12 11:37:46');

-- --------------------------------------------------------

--
-- Table structure for table `marks`
--

CREATE TABLE `marks` (
  `id` int(11) NOT NULL,
  `student_regno` varchar(255) DEFAULT NULL,
  `module_id` int(11) DEFAULT NULL,
  `mark` int(11) DEFAULT NULL
) ENGINE=InnoDB DEFAULT CHARSET=utf8mb4 COLLATE=utf8mb4_general_ci;

--
-- Dumping data for table `marks`
--

INSERT INTO `marks` (`id`, `student_regno`, `module_id`, `mark`) VALUES
(1, '22RP00175', 1, 86),
(2, '22RP00175', 2, 67),
(3, '22RP00175', 3, 56),
(4, '22RP00625', 1, 78),
(5, '22RP00625', 2, 65),
(6, '22RP00625', 3, 76),
(7, '22RP01641', 1, 87),
(8, '22RP01641', 2, 77),
(9, '22RP01641', 3, 87),
(10, '22RP01388', 1, 79),
(11, '22RP01388', 3, 80),
(12, '22RP01388', 2, 90),
(13, '22RP00535', 3, 70),
(14, '22RP00535', 2, 80);

-- --------------------------------------------------------

--
-- Table structure for table `modules`
--

CREATE TABLE `modules` (
  `id` int(11) NOT NULL,
  `module_name` varchar(100) DEFAULT NULL
) ENGINE=InnoDB DEFAULT CHARSET=utf8mb4 COLLATE=utf8mb4_general_ci;

--
-- Dumping data for table `modules`
--

INSERT INTO `modules` (`id`, `module_name`) VALUES
(1, 'Advanced web technology'),
(2, 'Python fundamental'),
(3, 'Java web technology');

-- --------------------------------------------------------

--
-- Table structure for table `students`
--

CREATE TABLE `students` (
  `id` int(11) NOT NULL,
  `regno` varchar(11) NOT NULL,
  `name` varchar(100) DEFAULT NULL,
  `phone_number` varchar(20) DEFAULT NULL
) ENGINE=InnoDB DEFAULT CHARSET=utf8mb4 COLLATE=utf8mb4_general_ci;

--
-- Dumping data for table `students`
--

INSERT INTO `students` (`id`, `regno`, `name`, `phone_number`) VALUES
(3, '22RP00175', 'kamaliza uwera', '0789876510'),
(5, '22RP00535', 'kamana paul', '0790331087'),
(2, '22RP00625', 'mutoni alice', '0732211020'),
(4, '22RP01388', 'iyamuduhaye monique', '0790331086'),
(1, '22RP01641', 'kamugisha christine', '0786377211');

--
-- Indexes for dumped tables
--

--
-- Indexes for table `admins`
--
ALTER TABLE `admins`
  ADD PRIMARY KEY (`id`),
  ADD UNIQUE KEY `username` (`username`);

--
-- Indexes for table `appeals`
--
ALTER TABLE `appeals`
  ADD PRIMARY KEY (`id`),
  ADD KEY `student_regno` (`student_regno`),
  ADD KEY `module_id` (`module_id`);

--
-- Indexes for table `marks`
--
ALTER TABLE `marks`
  ADD PRIMARY KEY (`id`),
  ADD KEY `student_regno` (`student_regno`),
  ADD KEY `module_id` (`module_id`);

--
-- Indexes for table `modules`
--
ALTER TABLE `modules`
  ADD PRIMARY KEY (`id`);

--
-- Indexes for table `students`
--
ALTER TABLE `students`
  ADD PRIMARY KEY (`regno`),
  ADD UNIQUE KEY `id` (`id`);

--
-- AUTO_INCREMENT for dumped tables
--

--
-- AUTO_INCREMENT for table `admins`
--
ALTER TABLE `admins`
  MODIFY `id` int(11) NOT NULL AUTO_INCREMENT, AUTO_INCREMENT=5;

--
-- AUTO_INCREMENT for table `appeals`
--
ALTER TABLE `appeals`
  MODIFY `id` int(11) NOT NULL AUTO_INCREMENT, AUTO_INCREMENT=9;

--
-- AUTO_INCREMENT for table `marks`
--
ALTER TABLE `marks`
  MODIFY `id` int(11) NOT NULL AUTO_INCREMENT, AUTO_INCREMENT=15;

--
-- AUTO_INCREMENT for table `modules`
--
ALTER TABLE `modules`
  MODIFY `id` int(11) NOT NULL AUTO_INCREMENT, AUTO_INCREMENT=4;

--
-- AUTO_INCREMENT for table `students`
--
ALTER TABLE `students`
  MODIFY `id` int(11) NOT NULL AUTO_INCREMENT, AUTO_INCREMENT=6;

--
-- Constraints for dumped tables
--

--
-- Constraints for table `appeals`
--
ALTER TABLE `appeals`
  ADD CONSTRAINT `appeals_ibfk_1` FOREIGN KEY (`student_regno`) REFERENCES `students` (`regno`),
  ADD CONSTRAINT `appeals_ibfk_2` FOREIGN KEY (`module_id`) REFERENCES `modules` (`id`);

--
-- Constraints for table `marks`
--
ALTER TABLE `marks`
  ADD CONSTRAINT `marks_ibfk_1` FOREIGN KEY (`student_regno`) REFERENCES `students` (`regno`),
  ADD CONSTRAINT `marks_ibfk_2` FOREIGN KEY (`module_id`) REFERENCES `modules` (`id`);
COMMIT;

/*!40101 SET CHARACTER_SET_CLIENT=@OLD_CHARACTER_SET_CLIENT */;
/*!40101 SET CHARACTER_SET_RESULTS=@OLD_CHARACTER_SET_RESULTS */;
/*!40101 SET COLLATION_CONNECTION=@OLD_COLLATION_CONNECTION */;
